SBS96	SBS52	SOURCE
A[C>A]A	T[T>G]T	ACA>AAA,TTT>TGT
T[T>G]T	T[T>G]T	ACA>AAA,TTT>TGT
A[C>A]C	A[C>A]C	ACC>AAC,GTT>GGT
G[T>G]T	A[C>A]C	ACC>AAC,GTT>GGT
A[C>A]G	C[T>G]T	ACG>AAG,CTT>CGT
C[T>G]T	C[T>G]T	ACG>AAG,CTT>CGT
A[C>A]T	A[C>A]T	ACT>AAT,ATT>AGT
A[T>G]T	A[C>A]T	ACT>AAT,ATT>AGT
C[C>A]A	C[C>A]A	CCA>CAA,TTG>TGG
T[T>G]G	C[C>A]A	CCA>CAA,TTG>TGG
C[C>A]C	C[C>A]C	CCC>CAC,GTG>GGG
G[T>G]G	C[C>A]C	CCC>CAC,GTG>GGG
C[C>A]G	C[C>A]G	CCG>CAG,CTG>CGG
C[T>G]G	C[C>A]G	CCG>CAG,CTG>CGG
C[C>A]T	C[C>A]T	ATG>AGG,CCT>CAT
A[T>G]G	C[C>A]T	ATG>AGG,CCT>CAT
G[C>A]A	T[T>G]C	GCA>GAA,TTC>TGC
T[T>G]C	T[T>G]C	GCA>GAA,TTC>TGC
G[C>A]C	G[C>A]C	GCC>GAC,GTC>GGC
G[T>G]C	G[C>A]C	GCC>GAC,GTC>GGC
G[C>A]G	C[T>G]C	CTC>CGC,GCG>GAG
C[T>G]C	C[T>G]C	CTC>CGC,GCG>GAG
G[C>A]T	A[T>G]C	ATC>AGC,GCT>GAT
A[T>G]C	A[T>G]C	ATC>AGC,GCT>GAT
T[C>A]A	T[C>A]A	TCA>TAA,TTA>TGA
T[T>G]A	T[C>A]A	TCA>TAA,TTA>TGA
T[C>A]C	T[C>A]C	GTA>GGA,TCC>TAC
G[T>G]A	T[C>A]C	GTA>GGA,TCC>TAC
T[C>A]G	C[T>G]A	CTA>CGA,TCG>TAG
C[T>G]A	C[T>G]A	CTA>CGA,TCG>TAG
T[C>A]T	T[C>A]T	ATA>AGA,TCT>TAT
A[T>G]A	T[C>A]T	ATA>AGA,TCT>TAT
A[C>T]A	A[C>T]A	ACA>ATA,ATA>ACA,TAT>TGT,TGT>TAT
A[T>C]A	A[C>T]A	ACA>ATA,ATA>ACA,TAT>TGT,TGT>TAT
A[C>T]C	A[C>T]C	ACC>ATC,ATC>ACC,GAT>GGT,GGT>GAT
A[T>C]C	A[C>T]C	ACC>ATC,ATC>ACC,GAT>GGT,GGT>GAT
A[C>T]G	A[C>T]G	ACG>ATG,ATG>ACG,CAT>CGT,CGT>CAT
A[T>C]G	A[C>T]G	ACG>ATG,ATG>ACG,CAT>CGT,CGT>CAT
A[C>T]T	A[C>T]T	AAT>AGT,ACT>ATT,AGT>AAT,ATT>ACT
A[T>C]T	A[C>T]T	AAT>AGT,ACT>ATT,AGT>AAT,ATT>ACT
C[C>T]A	C[C>T]A	CCA>CTA,CTA>CCA,TAG>TGG,TGG>TAG
C[T>C]A	C[C>T]A	CCA>CTA,CTA>CCA,TAG>TGG,TGG>TAG
C[C>T]C	C[C>T]C	CCC>CTC,CTC>CCC,GAG>GGG,GGG>GAG
C[T>C]C	C[C>T]C	CCC>CTC,CTC>CCC,GAG>GGG,GGG>GAG
C[C>T]G	C[C>T]G	CAG>CGG,CCG>CTG,CGG>CAG,CTG>CCG
C[T>C]G	C[C>T]G	CAG>CGG,CCG>CTG,CGG>CAG,CTG>CCG
C[C>T]T	C[C>T]T	AAG>AGG,AGG>AAG,CCT>CTT,CTT>CCT
C[T>C]T	C[C>T]T	AAG>AGG,AGG>AAG,CCT>CTT,CTT>CCT
G[C>T]A	G[C>T]A	GCA>GTA,GTA>GCA,TAC>TGC,TGC>TAC
G[T>C]A	G[C>T]A	GCA>GTA,GTA>GCA,TAC>TGC,TGC>TAC
G[C>T]C	G[C>T]C	GAC>GGC,GCC>GTC,GGC>GAC,GTC>GCC
G[T>C]C	G[C>T]C	GAC>GGC,GCC>GTC,GGC>GAC,GTC>GCC
G[C>T]G	G[C>T]G	CAC>CGC,CGC>CAC,GCG>GTG,GTG>GCG
G[T>C]G	G[C>T]G	CAC>CGC,CGC>CAC,GCG>GTG,GTG>GCG
G[C>T]T	G[C>T]T	AAC>AGC,AGC>AAC,GCT>GTT,GTT>GCT
G[T>C]T	G[C>T]T	AAC>AGC,AGC>AAC,GCT>GTT,GTT>GCT
T[C>T]A	T[C>T]A	TAA>TGA,TCA>TTA,TGA>TAA,TTA>TCA
T[T>C]A	T[C>T]A	TAA>TGA,TCA>TTA,TGA>TAA,TTA>TCA
T[C>T]C	T[C>T]C	GAA>GGA,GGA>GAA,TCC>TTC,TTC>TCC
T[T>C]C	T[C>T]C	GAA>GGA,GGA>GAA,TCC>TTC,TTC>TCC
T[C>T]G	T[C>T]G	CAA>CGA,CGA>CAA,TCG>TTG,TTG>TCG
T[T>C]G	T[C>T]G	CAA>CGA,CGA>CAA,TCG>TTG,TTG>TCG
T[C>T]T	T[C>T]T	AAA>AGA,AGA>AAA,TCT>TTT,TTT>TCT
T[T>C]T	T[C>T]T	AAA>AGA,AGA>AAA,TCT>TTT,TTT>TCT
A[C>G]A	T[C>G]T	ACA>AGA,TCT>TGT
T[C>G]T	T[C>G]T	ACA>AGA,TCT>TGT
A[C>G]C	A[C>G]C	ACC>AGC,GCT>GGT
G[C>G]T	A[C>G]C	ACC>AGC,GCT>GGT
A[C>G]G	C[C>G]T	ACG>AGG,CCT>CGT
C[C>G]T	C[C>G]T	ACG>AGG,CCT>CGT
A[C>G]T	A[C>G]T	ACT>AGT
C[C>G]A	C[C>G]A	CCA>CGA,TCG>TGG
T[C>G]G	C[C>G]A	CCA>CGA,TCG>TGG
C[C>G]C	C[C>G]C	CCC>CGC,GCG>GGG
G[C>G]G	C[C>G]C	CCC>CGC,GCG>GGG
C[C>G]G	C[C>G]G	CCG>CGG
G[C>G]A	T[C>G]C	GCA>GGA,TCC>TGC
T[C>G]C	T[C>G]C	GCA>GGA,TCC>TGC
G[C>G]C	G[C>G]C	GCC>GGC
T[C>G]A	T[C>G]A	TCA>TGA
A[T>A]A	T[T>A]T	ATA>AAA,TTT>TAT
T[T>A]T	T[T>A]T	ATA>AAA,TTT>TAT
A[T>A]C	A[T>A]C	ATC>AAC,GTT>GAT
G[T>A]T	A[T>A]C	ATC>AAC,GTT>GAT
A[T>A]G	C[T>A]T	ATG>AAG,CTT>CAT
C[T>A]T	C[T>A]T	ATG>AAG,CTT>CAT
A[T>A]T	A[T>A]T	ATT>AAT
C[T>A]A	C[T>A]A	CTA>CAA,TTG>TAG
T[T>A]G	C[T>A]A	CTA>CAA,TTG>TAG
C[T>A]C	C[T>A]C	CTC>CAC,GTG>GAG
G[T>A]G	C[T>A]C	CTC>CAC,GTG>GAG
C[T>A]G	C[T>A]G	CTG>CAG
G[T>A]A	T[T>A]C	GTA>GAA,TTC>TAC
T[T>A]C	T[T>A]C	GTA>GAA,TTC>TAC
G[T>A]C	G[T>A]C	GTC>GAC
T[T>A]A	T[T>A]A	TTA>TAA
