C>A	ACA	A[C>A]A	89
C>A	ACT	A[C>A]T	50
C>A	ACG	A[C>A]G	18
C>A	ACC	A[C>A]C	67
C>A	TCA	T[C>A]A	75
C>A	TCT	T[C>A]T	108
C>A	TCG	T[C>A]G	24
C>A	TCC	T[C>A]C	76
C>A	GCA	G[C>A]A	103
C>A	GCT	G[C>A]T	57
C>A	GCG	G[C>A]G	20
C>A	GCC	G[C>A]C	41
C>A	CCA	C[C>A]A	83
C>A	CCT	C[C>A]T	61
C>A	CCG	C[C>A]G	25
C>A	CCC	C[C>A]C	54
C>G	ACA	A[C>G]A	43
C>G	ACT	A[C>G]T	35
C>G	ACG	A[C>G]G	23
C>G	ACC	A[C>G]C	20
C>G	TCA	T[C>G]A	29
C>G	TCT	T[C>G]T	58
C>G	TCG	T[C>G]G	15
C>G	TCC	T[C>G]C	27
C>G	GCA	G[C>G]A	20
C>G	GCT	G[C>G]T	29
C>G	GCG	G[C>G]G	6
C>G	GCC	G[C>G]C	9
C>G	CCA	C[C>G]A	22
C>G	CCT	C[C>G]T	30
C>G	CCG	C[C>G]G	18
C>G	CCC	C[C>G]C	39
C>T	ACA	A[C>T]A	153
C>T	ACT	A[C>T]T	108
C>T	ACG	A[C>T]G	769
C>T	ACC	A[C>T]C	86
C>T	TCA	T[C>T]A	99
C>T	TCT	T[C>T]T	112
C>T	TCG	T[C>T]G	347
C>T	TCC	T[C>T]C	104
C>T	GCA	G[C>T]A	105
C>T	GCT	G[C>T]T	89
C>T	GCG	G[C>T]G	444
C>T	GCC	G[C>T]C	99
C>T	CCA	C[C>T]A	97
C>T	CCT	C[C>T]T	117
C>T	CCG	C[C>T]G	458
C>T	CCC	C[C>T]C	77
T>A	ATA	A[T>A]A	36
T>A	ATT	A[T>A]T	71
T>A	ATG	A[T>A]G	37
T>A	ATC	A[T>A]C	37
T>A	TTA	T[T>A]A	74
T>A	TTT	T[T>A]T	79
T>A	TTG	T[T>A]G	34
T>A	TTC	T[T>A]C	25
T>A	GTA	G[T>A]A	30
T>A	GTT	G[T>A]T	43
T>A	GTG	G[T>A]G	26
T>A	GTC	G[T>A]C	17
T>A	CTA	C[T>A]A	32
T>A	CTT	C[T>A]T	51
T>A	CTG	C[T>A]G	40
T>A	CTC	C[T>A]C	26
T>C	ATA	A[T>C]A	86
T>C	ATT	A[T>C]T	115
T>C	ATG	A[T>C]G	52
T>C	ATC	A[T>C]C	29
T>C	TTA	T[T>C]A	48
T>C	TTT	T[T>C]T	74
T>C	TTG	T[T>C]G	33
T>C	TTC	T[T>C]C	33
T>C	GTA	G[T>C]A	32
T>C	GTT	G[T>C]T	47
T>C	GTG	G[T>C]G	37
T>C	GTC	G[T>C]C	22
T>C	CTA	C[T>C]A	39
T>C	CTT	C[T>C]T	40
T>C	CTG	C[T>C]G	52
T>C	CTC	C[T>C]C	22
T>G	ATA	A[T>G]A	16
T>G	ATT	A[T>G]T	33
T>G	ATG	A[T>G]G	21
T>G	ATC	A[T>G]C	4
T>G	TTA	T[T>G]A	22
T>G	TTT	T[T>G]T	58
T>G	TTG	T[T>G]G	27
T>G	TTC	T[T>G]C	13
T>G	GTA	G[T>G]A	12
T>G	GTT	G[T>G]T	18
T>G	GTG	G[T>G]G	20
T>G	GTC	G[T>G]C	7
T>G	CTA	C[T>G]A	14
T>G	CTT	C[T>G]T	22
T>G	CTG	C[T>G]G	17
T>G	CTC	C[T>G]C	7
