C>A	ACA		18	HT-115_8_1s1
C>A	ACC		26	HT-115_8_1s1
C>A	ACG		8	HT-115_8_1s1
C>A	ACT		105	HT-115_8_1s1
C>A	CCA		79	HT-115_8_1s1
C>A	CCC		35	HT-115_8_1s1
C>A	CCG		9	HT-115_8_1s1
C>A	CCT		403	HT-115_8_1s1
C>A	GCA		34	HT-115_8_1s1
C>A	GCC		26	HT-115_8_1s1
C>A	GCG		3	HT-115_8_1s1
C>A	GCT		155	HT-115_8_1s1
C>A	TCA		124	HT-115_8_1s1
C>A	TCC		95	HT-115_8_1s1
C>A	TCG		11	HT-115_8_1s1
C>A	TCT		1713	HT-115_8_1s1
C>G	ACA		27	HT-115_8_1s1
C>G	ACC		14	HT-115_8_1s1
C>G	ACG		3	HT-115_8_1s1
C>G	ACT		12	HT-115_8_1s1
C>G	CCA		4	HT-115_8_1s1
C>G	CCC		4	HT-115_8_1s1
C>G	CCG		0	HT-115_8_1s1
C>G	CCT		4	HT-115_8_1s1
C>G	GCA		12	HT-115_8_1s1
C>G	GCC		7	HT-115_8_1s1
C>G	GCG		1	HT-115_8_1s1
C>G	GCT		8	HT-115_8_1s1
C>G	TCA		16	HT-115_8_1s1
C>G	TCC		9	HT-115_8_1s1
C>G	TCG		2	HT-115_8_1s1
C>G	TCT		12	HT-115_8_1s1
C>T	ACA		59	HT-115_8_1s1
C>T	ACC		53	HT-115_8_1s1
C>T	ACG		52	HT-115_8_1s1
C>T	ACT		75	HT-115_8_1s1
C>T	CCA		35	HT-115_8_1s1
C>T	CCC		53	HT-115_8_1s1
C>T	CCG		47	HT-115_8_1s1
C>T	CCT		57	HT-115_8_1s1
C>T	GCA		49	HT-115_8_1s1
C>T	GCC		101	HT-115_8_1s1
C>T	GCG		111	HT-115_8_1s1
C>T	GCT		95	HT-115_8_1s1
C>T	TCA		40	HT-115_8_1s1
C>T	TCC		118	HT-115_8_1s1
C>T	TCG		176	HT-115_8_1s1
C>T	TCT		222	HT-115_8_1s1
T>A	ATA		18	HT-115_8_1s1
T>A	ATC		12	HT-115_8_1s1
T>A	ATG		5	HT-115_8_1s1
T>A	ATT		60	HT-115_8_1s1
T>A	CTA		8	HT-115_8_1s1
T>A	CTC		17	HT-115_8_1s1
T>A	CTG		7	HT-115_8_1s1
T>A	CTT		14	HT-115_8_1s1
T>A	GTA		3	HT-115_8_1s1
T>A	GTC		5	HT-115_8_1s1
T>A	GTG		4	HT-115_8_1s1
T>A	GTT		8	HT-115_8_1s1
T>A	TTA		20	HT-115_8_1s1
T>A	TTC		16	HT-115_8_1s1
T>A	TTG		6	HT-115_8_1s1
T>A	TTT		56	HT-115_8_1s1
T>C	ATA		150	HT-115_8_1s1
T>C	ATC		79	HT-115_8_1s1
T>C	ATG		96	HT-115_8_1s1
T>C	ATT		123	HT-115_8_1s1
T>C	CTA		43	HT-115_8_1s1
T>C	CTC		49	HT-115_8_1s1
T>C	CTG		57	HT-115_8_1s1
T>C	CTT		68	HT-115_8_1s1
T>C	GTA		140	HT-115_8_1s1
T>C	GTC		96	HT-115_8_1s1
T>C	GTG		116	HT-115_8_1s1
T>C	GTT		188	HT-115_8_1s1
T>C	TTA		140	HT-115_8_1s1
T>C	TTC		137	HT-115_8_1s1
T>C	TTG		98	HT-115_8_1s1
T>C	TTT		222	HT-115_8_1s1
T>G	ATA		19	HT-115_8_1s1
T>G	ATC		35	HT-115_8_1s1
T>G	ATG		14	HT-115_8_1s1
T>G	ATT		242	HT-115_8_1s1
T>G	CTA		31	HT-115_8_1s1
T>G	CTC		24	HT-115_8_1s1
T>G	CTG		37	HT-115_8_1s1
T>G	CTT		238	HT-115_8_1s1
T>G	GTA		7	HT-115_8_1s1
T>G	GTC		14	HT-115_8_1s1
T>G	GTG		5	HT-115_8_1s1
T>G	GTT		36	HT-115_8_1s1
T>G	TTA		44	HT-115_8_1s1
T>G	TTC		52	HT-115_8_1s1
T>G	TTG		19	HT-115_8_1s1
T>G	TTT		688	HT-115_8_1s1