C>A	ACA	A[C>A]A	4320
C>A	ACT	A[C>A]T	1864
C>A	ACG	A[C>A]G	499
C>A	ACC	A[C>A]C	2035
C>A	TCA	T[C>A]A	1325
C>A	TCT	T[C>A]T	1219
C>A	TCG	T[C>A]G	382
C>A	TCC	T[C>A]C	1293
C>A	GCA	G[C>A]A	2598
C>A	GCT	G[C>A]T	1355
C>A	GCG	G[C>A]G	408
C>A	GCC	G[C>A]C	1183
C>A	CCA	C[C>A]A	4212
C>A	CCT	C[C>A]T	2073
C>A	CCG	C[C>A]G	614
C>A	CCC	C[C>A]C	1511
C>G	ACA	A[C>G]A	5163
C>G	ACT	A[C>G]T	2779
C>G	ACG	A[C>G]G	505
C>G	ACC	A[C>G]C	1417
C>G	TCA	T[C>G]A	1590
C>G	TCT	T[C>G]T	3031
C>G	TCG	T[C>G]G	368
C>G	TCC	T[C>G]C	2037
C>G	GCA	G[C>G]A	2007
C>G	GCT	G[C>G]T	1648
C>G	GCG	G[C>G]G	344
C>G	GCC	G[C>G]C	1398
C>G	CCA	C[C>G]A	2516
C>G	CCT	C[C>G]T	2471
C>G	CCG	C[C>G]G	438
C>G	CCC	C[C>G]C	1872
C>T	ACA	A[C>T]A	16671
C>T	ACT	A[C>T]T	12398
C>T	ACG	A[C>T]G	22532
C>T	ACC	A[C>T]C	10170
C>T	TCA	T[C>T]A	5461
C>T	TCT	T[C>T]T	8653
C>T	TCG	T[C>T]G	7543
C>T	TCC	T[C>T]C	7317
C>T	GCA	G[C>T]A	7554
C>T	GCT	G[C>T]T	16588
C>T	GCG	G[C>T]G	11177
C>T	GCC	G[C>T]C	10464
C>T	CCA	C[C>T]A	10555
C>T	CCT	C[C>T]T	21939
C>T	CCG	C[C>T]G	10930
C>T	CCC	C[C>T]C	10943
T>A	ATA	A[T>A]A	2093
T>A	ATT	A[T>A]T	2070
T>A	ATG	A[T>A]G	2356
T>A	ATC	A[T>A]C	2783
T>A	TTA	T[T>A]A	1259
T>A	TTT	T[T>A]T	2191
T>A	TTG	T[T>A]G	952
T>A	TTC	T[T>A]C	1165
T>A	GTA	G[T>A]A	949
T>A	GTT	G[T>A]T	1183
T>A	GTG	G[T>A]G	1092
T>A	GTC	G[T>A]C	945
T>A	CTA	C[T>A]A	1296
T>A	CTT	C[T>A]T	1601
T>A	CTG	C[T>A]G	1937
T>A	CTC	C[T>A]C	1414
T>C	ATA	A[T>C]A	9829
T>C	ATT	A[T>C]T	11340
T>C	ATG	A[T>C]G	8638
T>C	ATC	A[T>C]C	3329
T>C	TTA	T[T>C]A	4026
T>C	TTT	T[T>C]T	6142
T>C	TTG	T[T>C]G	2832
T>C	TTC	T[T>C]C	2552
T>C	GTA	G[T>C]A	3121
T>C	GTT	G[T>C]T	5403
T>C	GTG	G[T>C]G	2938
T>C	GTC	G[T>C]C	2231
T>C	CTA	C[T>C]A	3227
T>C	CTT	C[T>C]T	3688
T>C	CTG	C[T>C]G	4085
T>C	CTC	C[T>C]C	3307
T>G	ATA	A[T>G]A	829
T>G	ATT	A[T>G]T	1011
T>G	ATG	A[T>G]G	1470
T>G	ATC	A[T>G]C	645
T>G	TTA	T[T>G]A	926
T>G	TTT	T[T>G]T	1735
T>G	TTG	T[T>G]G	1280
T>G	TTC	T[T>G]C	938
T>G	GTA	G[T>G]A	543
T>G	GTT	G[T>G]T	620
T>G	GTG	G[T>G]G	1107
T>G	GTC	G[T>G]C	414
T>G	CTA	C[T>G]A	564
T>G	CTT	C[T>G]T	1152
T>G	CTG	C[T>G]G	1409
T>G	CTC	C[T>G]C	1064
