SBS96	SBS52
A[C>A]A	T[T>G]T
A[C>A]C	A[C>A]C
A[C>A]G	C[T>G]T
A[C>A]T	A[C>A]T
C[C>A]A	C[C>A]A
C[C>A]C	C[C>A]C
C[C>A]G	C[C>A]G
C[C>A]T	C[C>A]T
G[C>A]A	T[T>G]C
G[C>A]C	G[C>A]C
G[C>A]G	C[T>G]C
G[C>A]T	A[T>G]C
T[C>A]A	T[C>A]A
T[C>A]C	T[C>A]C
T[C>A]G	C[T>G]A
T[C>A]T	T[C>A]T
A[C>G]A	T[C>G]T
A[C>G]C	A[C>G]C
A[C>G]G	C[C>G]T
A[C>G]T	A[C>G]T
C[C>G]A	C[C>G]A
C[C>G]C	C[C>G]C
C[C>G]G	C[C>G]G
C[C>G]T	C[C>G]T
G[C>G]A	T[C>G]C
G[C>G]C	G[C>G]C
G[C>G]G	C[C>G]C
G[C>G]T	A[C>G]C
T[C>G]A	T[C>G]A
T[C>G]C	T[C>G]C
T[C>G]G	C[C>G]A
T[C>G]T	T[C>G]T
A[C>T]A	A[C>T]A
A[C>T]C	A[C>T]C
A[C>T]G	A[C>T]G
A[C>T]T	A[C>T]T
C[C>T]A	C[C>T]A
C[C>T]C	C[C>T]C
C[C>T]G	C[C>T]G
C[C>T]T	C[C>T]T
G[C>T]A	G[C>T]A
G[C>T]C	G[C>T]C
G[C>T]G	G[C>T]G
G[C>T]T	G[C>T]T
T[C>T]A	T[C>T]A
T[C>T]C	T[C>T]C
T[C>T]G	T[C>T]G
T[C>T]T	T[C>T]T
A[T>A]A	T[T>A]T
A[T>A]C	A[T>A]C
A[T>A]G	C[T>A]T
A[T>A]T	A[T>A]T
C[T>A]A	C[T>A]A
C[T>A]C	C[T>A]C
C[T>A]G	C[T>A]G
C[T>A]T	C[T>A]T
G[T>A]A	T[T>A]C
G[T>A]C	G[T>A]C
G[T>A]G	C[T>A]C
G[T>A]T	A[T>A]C
T[T>A]A	T[T>A]A
T[T>A]C	T[T>A]C
T[T>A]G	C[T>A]A
T[T>A]T	T[T>A]T
A[T>C]A	A[C>T]A
A[T>C]C	A[C>T]C
A[T>C]G	A[C>T]G
A[T>C]T	A[C>T]T
C[T>C]A	C[C>T]A
C[T>C]C	C[C>T]C
C[T>C]G	C[C>T]G
C[T>C]T	C[C>T]T
G[T>C]A	G[C>T]A
G[T>C]C	G[C>T]C
G[T>C]G	G[C>T]G
G[T>C]T	G[C>T]T
T[T>C]A	T[C>T]A
T[T>C]C	T[C>T]C
T[T>C]G	T[C>T]G
T[T>C]T	T[C>T]T
A[T>G]A	T[C>A]T
A[T>G]C	A[T>G]C
A[T>G]G	C[C>A]T
A[T>G]T	A[C>A]T
C[T>G]A	C[T>G]A
C[T>G]C	C[T>G]C
C[T>G]G	C[C>A]G
C[T>G]T	C[T>G]T
G[T>G]A	T[C>A]C
G[T>G]C	G[C>A]C
G[T>G]G	C[C>A]C
G[T>G]T	A[C>A]C
T[T>G]A	T[C>A]A
T[T>G]C	T[T>G]C
T[T>G]G	C[C>A]A
T[T>G]T	T[T>G]T
