sTOL0	sTOL0
sTOL1	sTOL1
sTOL3	sTOL2
sTOL5	sTOL3
sTOL6	sTOL4
sTOL8	sTOL5
sTOL9	sTOL6
sTOL10	sTOL7
sTOL11	sTOL8
sTOL12	sTOL9
sTOL13	sTOL10
sTOL14	sTOL11
sTOL15	sTOL12
sTOL16	sTOL13
sTOL17	sTOL14
sTOL18	sTOL15
sTOL19	sTOL16
sTOL20	sTOL17
sTOL21	sTOL18
sTOL22	sTOL19
sTOL23	sTOL20
sTOL24	sTOL21
sTOL25	sTOL22
sTOL26	sTOL23
sTOL27	sTOL24
sTOL28	sTOL25
sTOL29	sTOL26
sTOL30	sTOL27
sTOL31	sTOL28
sTOL32	sTOL29
sTOL33	sTOL30
sTOL34	sTOL31
sTOL35	sTOL32
sTOL36	sTOL33
sTOL37	sTOL34
sTOL38	sTOL35
sTOL39	sTOL36
sTOL40	sTOL37
sTOL41	sTOL38
sTOL42	sTOL39
sTOL43	sTOL40
sTOL44	sTOL41
sTOL45	sTOL42
sTOL46	sTOL43
sTOL47	sTOL44
sTOL48	sTOL45
sTOL49	sTOL46
sTOL50	sTOL47
sTOL51	sTOL48
sTOL52	sTOL49
sTOL53	sTOL50
sTOL54	sTOL51
sTOL55	sTOL52
sTOL56	sTOL53
sTOL57	sTOL54
sTOL58	sTOL55
sTOL59	sTOL56
sTOL60	sTOL57
sTOL61	sTOL58
sTOL62	sTOL59
sTOL63	sTOL60
sTOL64	sTOL61
sTOL65	sTOL62
sTOL66	sTOL63
sTOL67	sTOL64
sTOL68	sTOL65
sTOL69	sTOL66
sTOL70	sTOL67
sTOL71	sTOL68
sTOL72	sTOL69
sTOL73	sTOL70
sTOL74	sTOL71
sTOL75	sTOL72
sTOL76	sTOL73
sTOL77	sTOL74
sTOL78	sTOL75
sTOL79	sTOL76
sTOL80	sTOL77
sTOL81	sTOL78
sTOL82	sTOL79
sTOL83	sTOL80
sTOL84	sTOL81
sTOL85	sTOL82
sTOL86	sTOL83
sTOL87	sTOL84
sTOL88	sTOL85
sTOL89	sTOL86
sTOL90	sTOL87
sTOL91	sTOL88
sTOL92	sTOL89
sTOL93	sTOL90
sTOL94	sTOL91
sTOL95	sTOL92
sTOL96	sTOL93
sTOL97	sTOL94
sTOL98	sTOL95
